{"spike_times": [190.5, 215.3, 236.3, 261.4, 496.4, 512.7, 530.0, 548.5, 567.5, 586.9, 607.6, 637.1, 668.8, 688.0, 706.4, 724.8, 743.3, 761.8, 780.4, 799.2, 819.1, 984.4, 1140.1, 1163.6, 1182.4, 1202.6, 1234.2, 1545.4, 1562.5, 1579.0, 1597.5, 1623.6, 1792.2, 1811.6, 1829.7, 1849.3, 1875.7, 1946.4], "locations": [[0.46, 0.1, 0.01, 0.73, 0.76], [0.05, 0.74, 0.55, 0.43, 0.49], [0.59, 0.69, 0.09, 0.59, 0.2], [0.12, 0.62, 0.24, 0.39, 0.38], [0.46, 0.77, 0.34, 0.03, 0.63], [0.42, 0.99, 0.36, 0.81, 0.2], [0.98, 0.89, 0.46, 0.82, 0.19], [0.88, 0.57, 0.44, 0.71, 0.33], [0.98, 0.98, 0.07, 0.35, 0.83], [0.9, 0.34, 0.88, 0.4, 0.33], [0.63, 0.82, 0.37, 0.2, 0.47], [0.31, 0.21, 0.79, 0.35, 0.76], [0.09, 0.64, 0.23, 0.75, 0.16], [0.09, 0.8, 0.25, 0.19, 0.88], [0.79, 0.76, 0.34, 0.19, 0.64], [0.47, 0.53, 0.48, 0.64, 0.29], [0.77, 0.48, 0.63, 0.04, 0.44], [0.75, 0.2, 0.9, 0.62, 0.48], [0.76, 0.37, 0.24, 0.19, 0.21], [0.94, 0.74, 0.07, 0.45, 0.95], [0.96, 0.78, 0.59, 0.52, 0.78], [0.92, 0.57, 0.74, 0.34, 0.77], [0.83, 0.3, 0.91, 0.76, 0.89], [0.41, 0.76, 0.92, 0.17, 0.63], [0.64, 0.25, 0.41, 0.61, 0.29], [0.73, 0.99, 0.92, 0.47, 0.78], [0.27, 0.69, 0.66, 0.27, 1.0], [0.1, 0.41, 0.1, 0.17, 0.24], [0.74, 0.35, 0.27, 0.26, 0.64], [0.69, 0.42, 0.6, 0.38, 0.21], [0.14, 0.01, 0.97, 0.0, 0.22], [0.76, 0.18, 0.87, 0.55, 0.35], [0.55, 0.79, 0.66, 0.17, 0.16], [0.91, 0.65, 0.6, 0.99, 0.82], [0.23, 0.88, 0.84, 0.81, 0.08], [0.21, 0.11, 0.75, 0.23, 0.97], [0.58, 0.58, 0.92, 1.0, 0.3], [0.51, 0.86, 0.91, 0.04, 0.46], [0.35, 0.9, 0.57, 0.02, 0.88], [0.75, 0.3, 0.65, 0.03, 0.78], [0.1, 0.27, 0.46, 0.48, 0.51], [0.98, 0.34, 0.38, 0.29, 0.8], [0.02, 0.15, 0.22, 0.92, 0.38], [0.31, 0.09, 0.46, 0.62, 0.26], [0.4, 0.54, 0.52, 0.92, 0.66], [0.38, 0.58, 0.59, 0.8, 0.16], [0.63, 0.02, 0.42, 0.21, 0.58], [0.04, 0.56, 0.02, 0.96, 0.95], [0.68, 0.15, 0.94, 0.72, 0.0], [0.5, 0.53, 0.65, 0.49, 0.2]], "bias_ideal": 0.94022354863002344, "bias": -0.0705890617072327, "bio_idx": 9, "A_actual": [53.14815312714422, 52.58248356905855, 52.73318342835837, 52.44021738271108, 52.06583690847326, 51.72667285279928, 51.44884866263502, 51.49212252263807, 51.01135304618555, 50.90804685817135, 50.91939879810534, 49.825795801870115, 50.59463634808389, 52.69910394971719, 51.42565822115502, 50.86218310980597, 50.645029873598006, 50.304617118873495, 49.89778197943273, 49.80035541689955, 49.20600754754576, 48.01068540546754, 46.824571325000335, 46.15627731098154, 45.42675984638808, 45.17550172922127, 44.43832400687975, 43.86006844851773, 43.314352141258325, 42.60483844991069, 42.13693018785828, 41.46930345042621, 41.32507859214633, 40.44675264502425, 40.175900698885464, 39.84593081613405, 38.86765355743783, 38.83372600847912, 38.56570319906587, 38.01230102891179, 37.78856235994075, 37.47025605124072, 37.565391629959834, 36.61563069678153, 36.92222066608665, 36.949730373688396, 36.35896914962554, 35.996880806752245, 36.66411301698285, 36.31912782471035, 35.646144737812676, 35.98402446428266, 35.50931838304527, 34.80420487780872, 35.96468196649328, 36.69472170057527, 36.70044341565432, 35.808033136638265, 35.08866111589578, 34.388397213291725, 33.33073686803001, 32.93966726671639, 32.423908467997684, 31.277117836096572, 30.796847022904053, 28.827377683008898, 28.793455295313418, 25.754185527678512, 24.960491570153177, 24.680138952123425, 23.368685934186754, 22.758013217445132, 21.957367687694294, 20.561376895921025, 19.348764376677792, 18.730202747752756, 17.440429694472112, 16.747180081076557, 15.099165691532262, 15.126054684523533, 11.546903551496774, 15.42367687977601, 19.04114795103974, 14.717449407863496, 11.66729411008153, 11.858883949367398, 11.441211706693467, 10.831075021532454, 11.413322747679718, 11.416269576158141, 9.412672926508934, 9.85342760852309, 9.664226682495217, 10.030066080116116, 8.27610886296282, 8.306793295953794, 8.204595361241244, 7.8362981245525285, 6.99190049836047, 7.071313915203678, 6.966674949294196, 5.815641414980098, 5.610669567054689, 5.7124861292069395, 5.222456632989132, 4.798024691887664, 4.343352736867124, 4.4390275742099465, 4.085637568786037, 3.4842867015175334, 3.6000166308555945, 3.4209624893544355, 2.881295620798066, 2.8890272912553145, 2.7297743179791767, 2.235492301627597, 2.4043124283315978, 2.2442953473936544, 2.026940883170801, 1.646572253996237, 1.7824481271118773, 1.6107823241177928, 1.4158496284645787, 1.3536413834738605, 1.2954046313776628, 0.3026651669507451, 0.5211453199560627, 0.47665597379772595, 0.5564876567601337, 0.5534637274851606, 0.41738800158259404, 0.4912660585994874, 0.5003389542735421, 0.35384626756130744, 0.42463778808077424, 0.39383513043525525, 0.29229416799669705, 0.331355271395299, 0.3274068549801505, 0.2228826887431392, 0.2764715419504115, 0.23538966940116093, 0.17068726962913977, 0.1950091402017701, 0.16160801734887864, 0.10623917550071345, 0.10161046001857817, 0.2016193490749979, 0.14363713515841772, 0.16739939555857303, 0.13432986689884777, 0.10462212677562682, 0.051247440966285196, 0.25117071025379967, 0.22076558909515243, 0.1763674357196038, 0.20179930470875718, 0.1875757666061119, 0.13562495555602377, 0.15752669143646394, 0.15594892764773605, 0.13728309358966354, 0.10071803643756398, 0.118662182555757, 0.1081242043638521, 0.08004190376143258, 0.09080401001969571, 0.08606113262909702, 0.08300071250116611, 0.05382357928445998, 0.06859345478281126, 0.06261522994715643, 0.05511612778761141, 0.0511447681990902, 0.035567590489317145, 0.04262701369071975, 0.038872526086477684, 0.037326631767999496, 0.03259707836564833, 0.020620301642935705, 0.029008536401563284, 0.025053465865706972, 0.022282662266277547, 0.01934548331283815, 0.01858394744884033, 0.015745637223005256, 0.01166803200284571, 0.012861010502336161, 0.012438128304421698, 0.010786883012507263, 0.010102548576165396, 0.008566016077291651, 0.007836457750979076, 0.007205357630346991, 0.006318854219600655, 0.005467553895333176, 0.0049694546749794585, 0.0043654070060508724, 0.003846983860281184, 0.0], "loss": 2.7179935323315196,