{"spike_times": [77.4, 351.4, 405.0, 886.6, 1439.5, 1678.1], "locations": [[0.09, 0.68, 0.49, 0.49, 0.58], [0.93, 0.5, 0.13, 0.2, 0.09], [0.13, 0.3, 0.11, 0.29, 0.05], [0.51, 0.54, 0.91, 0.54, 0.85], [0.22, 0.91, 0.25, 0.21, 0.91], [0.72, 0.24, 0.67, 0.96, 0.61], [0.99, 0.15, 0.19, 0.32, 0.45], [0.27, 0.07, 0.45, 0.52, 0.2], [0.98, 0.85, 0.94, 0.21, 0.14], [0.5, 0.69, 0.05, 0.58, 0.53], [0.76, 0.12, 0.65, 0.13, 0.22], [0.31, 0.61, 0.28, 0.86, 0.21], [0.47, 0.52, 0.5, 0.06, 0.14], [0.56, 0.68, 0.88, 0.96, 0.61], [0.7, 0.12, 0.53, 0.46, 0.7], [0.57, 0.52, 0.96, 0.99, 0.75], [0.98, 0.05, 0.68, 0.82, 0.41], [0.43, 0.7, 0.37, 0.1, 0.44], [0.33, 0.49, 0.61, 0.79, 0.13], [0.61, 0.61, 0.78, 0.83, 0.34], [0.05, 0.43, 0.33, 0.74, 0.86], [0.83, 0.83, 0.12, 0.61, 0.95], [0.76, 0.28, 0.92, 0.67, 0.09], [0.57, 0.06, 0.03, 0.46, 0.76], [0.33, 0.84, 0.06, 0.13, 0.96], [0.08, 0.14, 0.14, 0.05, 0.84], [0.55, 0.53, 0.14, 0.86, 0.06], [0.51, 0.2, 0.57, 0.91, 0.14], [0.83, 0.7, 0.2, 0.21, 0.39], [0.9, 0.17, 0.35, 0.52, 0.61], [0.6, 0.9, 0.92, 0.96, 0.17], [0.52, 0.42, 0.97, 0.96, 0.74], [0.89, 0.98, 0.19, 0.07, 0.45], [0.01, 0.08, 0.86, 0.49, 0.72], [0.87, 0.24, 0.61, 0.09, 0.43], [0.78, 0.9, 0.21, 0.39, 0.06], [0.68, 0.01, 0.22, 0.02, 0.65], [0.09, 0.07, 0.81, 0.94, 0.92], [0.39, 0.26, 0.82, 0.08, 0.17], [0.43, 0.44, 0.52, 0.53, 0.96], [0.77, 0.77, 0.65, 0.17, 0.53], [0.77, 0.26, 0.88, 0.85, 0.62], [0.45, 0.32, 0.67, 0.85, 0.13], [0.62, 0.46, 0.48, 0.5, 0.02], [0.38, 0.68, 0.9, 0.27, 0.05], [0.42, 0.18, 0.48, 0.63, 0.93], [0.14, 0.84, 0.24, 0.45, 0.03], [0.66, 0.6, 0.5, 0.53, 0.07], [0.26, 0.86, 0.95, 0.44, 0.3], [0.01, 0.63, 0.09, 0.02, 0.89]], "bias_ideal": -322.48447379737235, "bias": -0.9663662230709744, "bio_idx": 7, "A_actual": [2.684920267824546e-10, 4.313887214014958e-10, 3.6369886455116017e-10, 4.4698638285086736e-10, 4.930540596954529e-10, 6.071160928609803e-10, 6.221687676628278e-10, 7.931251486038218e-10, 1.0235203714735604e-09, 1.0343383882926633e-09, 1.136667961567543e-09, 1.3477838947385062e-09, 1.6638675430298335e-09, 3.6750452709507604e-10, 2.824327707606479e-10, 4.904765107278909e-10, 6.680050814220755e-10, 8.833870336349008e-10, 1.0835258589965508e-09, 1.3299363066798463e-09, 1.5620107347699957e-09, 1.0440274977917888e-09, 9.893721490519072e-10, 2.2534228663520206e-09, 1.9734487966612357e-09, 2.450235764941442e-09, 2.9682632610515863e-09, 3.5413912773600827e-09, 4.085009183232279e-09, 4.969926834726286e-09, 5.794657883777299e-09, 6.8011408280819565e-09, 7.4036882619987415e-09, 8.843222629948784e-09, 1.0399960856504441e-08, 1.1553540596171915e-08, 1.4357895294559403e-08, 1.602342918624734e-08, 1.742106163868455e-08, 2.1624235870980353e-08, 2.4936649669971305e-08, 2.684752643361753e-08, 3.194069718764829e-08, 3.7619478584600575e-08, 5.7830632263569567e-08, 5.071649498428748e-08, 5.895840533161481e-08, 5.7825612055054845e-08, 8.07178417323337e-08, 7.78530506440123e-08, 8.660514813168224e-08, 9.290651857308534e-08, 1.1655565292297931e-07, 7.915733874193381e-08, 1.2613717754474321e-07, 2.951744330906032e-07, 3.1037400883352544e-07, 3.9819319176380415e-07, 5.121267359933171e-07, 5.871441540443317e-07, 5.657897021514484e-07, 7.061922326016943e-07, 7.920682359659701e-07, 8.356586781430943e-07, 1.0418492799920323e-06, 1.4168005371024322e-06, 1.1253238040482898e-06, 4.6404145897064667e-07, 8.477603020666281e-07, 1.121852613249008e-06, 1.6886303413720692e-06, 1.713697162733635e-06, 2.2966216511327377e-06, 1.8819877466574318e-06, 2.8109585501751216e-06, 3.089701752394517e-06, 3.5934003083818014e-06, 4.007873857516294e-06, 4.523165877432794e-06, 6.244880389157615e-06, 2.4737839560078645e-06, 1.8522619071081765e-06, 2.618577733488842e-06, 2.408569257124446e-06, 1.0480003261861563e-05, 1.091756637466092e-05, 1.8430332179059607e-05, 1.2626230245248481e-05, 2.0401699545657912e-05, 2.2553121765970346e-05, 2.044010442103908e-05, 3.5208451814621156e-05, 3.3809115433270196e-05, 5.062418670804417e-05, 2.3910296335336928e-05, 5.160070666869401e-05, 6.752730405301095e-05, 6.99887512102121e-05, 5.630037763859824e-05, 8.88488780899735e-05, 0.00012911535305266942, 9.44809983934148e-05, 0.00010128040999488832, 0.00013833019433125878, 0.00016565075381859025, 0.00020835845584898544, 0.00014999098187315043, 0.00022949627858296804, 0.00026961452602609215, 0.00024313143045578817, 0.00034771015788899354, 0.00037043715265871574, 0.00033293932223673066, 0.0004423616976039859, 0.0005370026845472909, 0.0004214172513491789, 0.0006990458036458956, 0.0007018150936714364, 0.0008210177663685141, 0.0007419557846050553, 0.0009908768413083747, 0.001070596589722989, 0.0010143297899274973, 0.0012971573045347368, 0.0016686569925776682, 0.0003388483177212075, 0.0008521992046470991, 0.0008677452092711631, 0.0012437118714253967, 0.0015976507230804839, 0.0012583783698185485, 0.0019114885700191515, 0.0022949664670537102, 0.0017336959235382371, 0.0027909291722513774, 0.0029947328221000473, 0.0027078143707490723, 0.0034230146473046077, 0.004277996288768257, 0.003246312971260155, 0.004919520465594419, 0.004805410803331105, 0.004557571144869349, 0.005366867931075891, 0.0062185700172912245, 0.0046601067203639055, 0.0046722832820097785, 0.01217490180374795, 0.009965215156696211, 0.014102858018060374, 0.013877044636538537, 0.012825143922752203, 0.007733754673488665, 0.043472629046097375, 0.048402140889218306, 0.04520374237738418, 0.05950279339275296, 0.0699616261960881, 0.06896855001053319, 0.07953037751846315, 0.09698798316693442, 0.10851416458028859, 0.11098793452795506, 0.13651220805796005, 0.15073648011129606, 0.15509541429425833, 0.1964172540222489, 0.22060783411166512, 0.25767296811258356, 0.2614482025276149, 0.30784330325191606, 0.34892365713651136, 0.4199716940546594, 0.4602455059548325, 0.4651245431953703, 0.5713501005274143, 0.6308393587057759, 0.7373279912909622, 0.8240665473901387, 0.8945593204203267, 1.0211064125534663, 1.1593685269614145, 1.2140111769042223, 1.4596011388722478, 1.6337337328183152, 1.7469709490363727, 2.0483506193802286, 2.0537424620908316, 2.584506308876785, 2.5284024414979247, 2.988193837606543, 3.4825612593377304, 3.5779717986951667, 4.077308224846183, 4.170892968268448, 4.775398321679095, 5.349564596968684, 5.662571013054662, 6.081160949205175, 0.0], "loss": 3.470867814169396,