{"spike_times": [58.8, 78.3, 101.3, 127.4, 336.4, 353.4, 375.3, 398.0, 421.4, 446.5, 871.2, 887.4, 910.0, 1422.3, 1440.4, 1461.8, 1484.7, 1664.9, 1679.3, 1699.5, 1721.7, 1746.8], "locations": [[0.77, 0.19, 0.88, 0.34, 0.41], [0.09, 0.33, 0.82, 0.49, 0.94], [0.7, 0.68, 0.39, 0.58, 0.71], [0.4, 0.11, 0.76, 0.11, 0.88], [0.96, 0.95, 0.07, 0.47, 0.06], [0.35, 0.5, 0.91, 0.08, 0.98], [0.98, 0.86, 0.41, 0.69, 0.36], [0.88, 0.86, 0.42, 0.79, 0.87], [0.72, 0.28, 0.41, 0.41, 0.65], [0.12, 0.25, 0.29, 0.23, 0.82], [0.96, 0.43, 0.3, 0.78, 0.08], [0.48, 0.55, 0.61, 0.54, 0.2], [0.8, 0.04, 0.84, 0.75, 0.53], [0.88, 0.38, 0.92, 0.95, 0.09], [0.86, 0.17, 0.68, 0.88, 0.18], [0.14, 0.63, 0.43, 0.31, 0.49], [0.4, 0.78, 0.96, 0.37, 0.68], [0.21, 0.26, 0.98, 0.41, 0.9], [0.15, 1.0, 0.4, 0.19, 0.18], [0.21, 0.79, 0.78, 0.84, 0.61], [0.22, 0.16, 0.41, 0.14, 0.22], [0.52, 0.12, 0.49, 0.94, 0.05], [0.95, 0.49, 0.77, 0.19, 0.17], [0.72, 0.28, 0.01, 0.37, 0.7], [0.61, 0.21, 0.47, 0.75, 0.17], [0.6, 0.88, 0.24, 0.62, 0.78], [0.65, 0.53, 0.31, 0.49, 0.59], [0.97, 0.41, 0.94, 0.11, 0.7], [0.32, 0.29, 0.02, 0.71, 0.01], [0.09, 0.98, 0.86, 0.64, 0.64], [0.41, 0.84, 0.08, 0.44, 0.03], [0.18, 0.89, 0.26, 0.1, 0.52], [0.36, 0.15, 0.49, 0.91, 0.53], [0.69, 0.6, 0.26, 0.74, 0.74], [0.51, 0.76, 0.53, 0.32, 0.7], [0.41, 0.07, 0.14, 0.31, 0.29], [0.47, 0.76, 0.09, 0.56, 0.93], [0.83, 0.63, 0.6, 0.02, 0.72], [0.71, 0.59, 0.33, 0.28, 0.36], [0.31, 0.36, 0.88, 0.22, 0.77], [0.5, 0.89, 0.46, 0.32, 0.83], [0.32, 0.28, 0.71, 0.22, 0.13], [0.71, 0.18, 0.02, 0.44, 0.57], [0.23, 0.43, 0.03, 0.01, 0.66], [0.14, 0.84, 0.57, 0.31, 0.19], [0.93, 0.52, 0.47, 0.34, 0.18], [0.68, 0.42, 0.63, 0.4, 0.58], [0.39, 0.28, 0.01, 0.13, 0.56], [0.87, 0.13, 0.88, 0.06, 0.66], [0.47, 0.26, 0.55, 0.85, 0.11]], "bias_ideal": -0.18365026505257043, "bias": -0.5038697466049931, "bio_idx": 6, "A_actual": [2.8815203873762146e-06, 4.4529217797279025e-06, 3.6161552911411173e-06, 4.316234037905583e-06, 4.613596655042142e-06, 5.510568314506437e-06, 5.4877392476364425e-06, 6.7908937526764116e-06, 8.468045470968724e-06, 8.338060847873888e-06, 8.896089415228583e-06, 1.0183146577090006e-05, 1.2263824840056438e-05, 2.6311449396816326e-06, 1.948711669648147e-06, 3.308048681817172e-06, 4.377381824969487e-06, 5.567102173010225e-06, 6.690314776034441e-06, 7.933864099180113e-06, 9.038480122792252e-06, 5.906819005162393e-06, 5.399894648120493e-06, 1.1749932658516104e-05, 9.961335626533042e-06, 1.2155154830878514e-05, 1.4156652894711507e-05, 1.6386561308268876e-05, 1.8353591351209098e-05, 2.155325709968961e-05, 2.429417854245038e-05, 2.820537063534521e-05, 2.973364591035032e-05, 3.421993855306366e-05, 3.9050185468535875e-05, 4.3389116962243866e-05, 5.111958276375902e-05, 5.5420555992549006e-05, 5.9636942760689966e-05, 7.041480581549313e-05, 7.956959177690959e-05, 8.452692028464939e-05, 9.841040614247434e-05, 0.00011017210626123298, 0.00016436161793206518, 0.00013927464065545362, 0.00015727820586505857, 0.00016419709895090694, 0.00020212697786854423, 0.00020463443421235992, 0.00021623031053135633, 0.00023752067960957442, 0.00026283265281801916, 0.00019913567283797733, 0.00030997465381152133, 0.0006794456467309017, 0.0007024698157238011, 0.0008742935221587008, 0.0010229434190160804, 0.0012697355355931136, 0.0012408872203938245, 0.0014652534306056992, 0.0016206509175528175, 0.0016867275833677476, 0.0020747288597739726, 0.0024824226524315066, 0.0024726133220702045, 0.0008885148419856739, 0.0015469906272645006, 0.0020844929256266685, 0.0028746882636265405, 0.002674431187056445, 0.003460983477315215, 0.003761600108976511, 0.004582803277299405, 0.0051211270756312925, 0.005042462967683341, 0.006334221940434033, 0.00773522755388593, 0.007134791021691054, 0.004322070241070656, 0.002740842342951474, 0.003227910288437938, 0.0033859286255327704, 0.012219283585679884, 0.01595107595637942, 0.017442107086344607, 0.019896605272698566, 0.021558141823050075, 0.02738268355839642, 0.02470105759805118, 0.03876917586195248, 0.03227761317552773, 0.03881567562363608, 0.04568350674189673, 0.0441132969906711, 0.0648899756026834, 0.05779115082278105, 0.05723969198246722, 0.08394803060169377, 0.07875021395792893, 0.08028711703127209, 0.09115903886703956, 0.11505337666263538, 0.10707119964118288, 0.12779132713279223, 0.1192015567903032, 0.16739293334260713, 0.1588554015499454, 0.15913305570844025, 0.19145971398723408, 0.2360912510327768, 0.20722430434565375, 0.22313376394119247, 0.2485916918766647, 0.2537549750166816, 0.30426200245718527, 0.3652393447221188, 0.3447306691439816, 0.34873583874825753, 0.38924270664126365, 0.403685487091708, 0.44588670957805676, 0.4589536868292442, 0.618356156594446, 0.14375798715836507, 0.272013020325803, 0.323742856835557, 0.3727390289453006, 0.440519012994726, 0.4264793119762723, 0.5123205688323209, 0.5687067665609948, 0.550037210165963, 0.6514877207860131, 0.6902319847796056, 0.8116324587803228, 0.7471897007307583, 0.8618312883750601, 0.8186591392950253, 0.9358348487519922, 0.915971221912526, 0.9545347878731137, 0.9645728439997682, 0.9842005301359842, 0.8751442086306154, 0.7535587226642801, 1.8229903390406108, 1.7863522336171587, 1.9566645309749056, 1.838303645129813, 1.6436360902058313, 1.1295079900993081, 5.141832243630844, 5.384186656504559, 5.92826729700161, 6.253745656050258, 7.004058034165535, 7.168936549891625, 8.183732570794172, 8.286576479702195, 8.977459833381548, 9.545843030182159, 10.194920871201337, 10.656981872004328, 11.493022944886901, 12.059930171314475, 12.97150087765822, 13.798736847573956, 14.60155330890575, 15.042059161433617, 15.993516900245108, 17.31472627024483, 18.116088302878218, 18.603866560230117, 20.580755275886176, 20.327056472985518, 22.014817362628225, 22.483328048708213, 23.382807374201146, 24.88014875201884, 25.645269960773938, 26.51171811762892, 27.994483368185062, 28.687306024704203, 29.245836937515367, 31.597248133769174, 30.50418543446702, 32.800581581562554, 32.97784818576081, 33.907268100084316, 35.956253102527285, 35.63800824016494, 36.45383206727514, 37.57620451091042, 38.129285332399604, 38.91718058482716, 39.02206102719329, 40.20528890673774, 0.0], "loss": 3.9789246152367674,