{"spike_times": [18.3, 158.4, 189.9, 211.7, 232.4, 254.2, 278.6, 475.5, 500.3, 519.4, 539.5, 559.9, 580.7, 602.2, 624.2, 649.5, 672.8, 693.8, 714.0, 733.7, 753.3, 773.0, 792.9, 813.9, 839.2, 950.1, 980.9, 1006.6, 1038.9, 1091.2, 1127.1, 1152.1, 1171.0, 1191.9, 1213.3, 1239.1, 1280.3, 1332.0, 1368.6, 1524.3, 1549.3, 1567.1, 1586.7, 1606.8, 1632.1, 1768.4, 1794.1, 1812.1, 1831.7, 1852.2, 1873.9, 1898.5, 1928.0, 1957.6, 1986.5], "locations": [[0.02, 0.53, 0.57, 0.93, 0.15], [0.93, 0.67, 0.61, 0.04, 0.29], [0.92, 0.51, 0.19, 0.36, 0.38], [0.94, 0.36, 0.96, 0.7, 0.83], [0.91, 0.6, 0.54, 0.72, 0.78], [0.62, 0.13, 0.2, 0.03, 0.11], [0.06, 0.6, 0.93, 0.51, 0.39], [0.2, 0.27, 0.94, 0.25, 0.5], [0.43, 0.45, 0.12, 0.31, 0.45], [0.23, 0.34, 0.65, 0.7, 0.69], [0.55, 0.73, 0.65, 0.95, 0.68], [0.04, 0.15, 0.26, 0.85, 0.64], [0.78, 0.03, 0.73, 0.16, 0.79], [0.98, 0.37, 0.43, 0.8, 0.52], [0.31, 0.19, 0.09, 0.21, 0.35], [0.84, 0.02, 0.44, 0.17, 0.03], [0.86, 0.16, 0.7, 0.13, 0.48], [0.13, 0.47, 0.03, 0.06, 0.85], [0.98, 0.9, 0.38, 0.89, 0.05], [0.61, 0.81, 0.75, 0.17, 0.92], [0.6, 0.74, 0.19, 0.91, 0.24], [0.1, 0.84, 0.1, 0.01, 0.97], [0.2, 0.42, 0.98, 0.42, 0.84], [0.08, 0.4, 0.95, 0.67, 0.61], [0.94, 0.79, 0.52, 0.72, 0.61], [0.0, 0.42, 0.44, 0.4, 0.22], [0.16, 0.58, 0.77, 0.93, 0.1], [0.15, 0.15, 0.75, 0.37, 0.34], [0.43, 0.94, 0.08, 0.35, 0.5], [0.75, 0.86, 0.48, 0.96, 0.15], [0.13, 0.29, 0.54, 0.72, 0.88], [0.17, 0.12, 0.2, 0.32, 0.84], [0.28, 0.66, 0.51, 0.58, 0.82], [0.01, 0.1, 0.69, 0.91, 0.89], [0.66, 0.54, 0.78, 0.25, 0.19], [0.28, 0.82, 0.01, 0.28, 0.32], [0.09, 0.24, 0.58, 0.97, 0.09], [0.31, 0.07, 0.85, 0.39, 0.23], [0.38, 0.58, 0.52, 0.73, 0.24], [0.24, 0.56, 0.78, 0.55, 0.22], [0.85, 0.96, 0.88, 0.99, 0.15], [0.71, 0.72, 0.84, 0.33, 0.58], [0.58, 0.53, 0.83, 0.66, 0.3], [0.39, 1.0, 0.42, 0.07, 0.91], [0.61, 0.23, 0.85, 0.89, 0.84], [0.08, 0.79, 0.91, 0.57, 0.88], [0.67, 0.36, 0.21, 0.94, 0.43], [0.56, 0.49, 0.91, 0.73, 0.87], [0.63, 0.38, 0.8, 0.49, 0.99], [0.72, 0.64, 0.47, 0.92, 0.85]], "bias_ideal": 1.3082866598130176, "bias": -0.16849783908044424, "bio_idx": 4, "A_actual": [49.40137500095723, 49.00930985444075, 49.38541935976213, 49.17426057417932, 49.27688481222886, 49.113426101363025, 49.045297541530935, 49.31002034531501, 48.98943349475814, 48.882174924592384, 48.95625557468203, 48.74257408241957, 48.68360305711565, 50.18893589019543, 48.397392183891895, 48.75637605870403, 48.8339668335934, 48.94207298403347, 48.87525217286037, 48.94529531417446, 48.91335985074948, 48.56295445148126, 47.91502258059804, 47.59053497967393, 47.484425396905024, 47.60153256306351, 47.64471349851448, 47.62212535551733, 47.66020877529619, 47.51280867813912, 47.55247024349412, 47.075132960766496, 47.424137611971844, 46.767154419825914, 46.59767559673892, 46.430395223690056, 45.96527462606608, 45.84631877587285, 45.53276208572876, 45.07679420891785, 44.84195749981177, 44.611648357676394, 44.164010400504345, 43.72882392554734, 43.596938315444696, 43.28551716866173, 42.81974784493781, 42.587044873205684, 42.35401543990074, 41.91069428948942, 41.55020185964241, 41.240677427228455, 40.83786791374389, 40.604664004657714, 40.678564862091, 40.54030920406102, 40.48827160759195, 40.00206410461183, 39.679211149832106, 39.61806371220654, 39.43151524518329, 39.35988926238886, 39.07874712921818, 39.02600853407039, 39.233441039982054, 39.25672531234341, 39.27521155798026, 37.02795927562617, 39.27668932683861, 40.09424179879345, 40.47999879608834, 40.57802112610718, 40.25314483247809, 39.865824746738205, 39.234806662620116, 38.38234074193203, 37.34570209803317, 36.13931150180335, 34.845683825105, 33.65076003630777, 34.20301806340968, 33.933731600735435, 31.13446344686088, 35.4311558230004, 35.00789810006367, 35.23762531208406, 34.98750463598888, 33.983750515257356, 33.96583701456624, 33.41751891257725, 31.759088452767088, 31.908004320449347, 30.968816858319673, 30.619210550120037, 29.805491063371477, 28.85828173934253, 29.491369951761584, 27.48542633135134, 27.47037657252763, 27.94476662940543, 28.218134944038685, 28.461007403313584, 28.537760279241223, 29.18676853095622, 28.92904599083646, 30.26488472320094, 29.266481440190258, 30.331134055936538, 29.77445128531544, 29.614308179934795, 31.390843777156586, 30.25606320330324, 30.176466072675385, 30.42319339413381, 29.919504953182376, 29.574089272023258, 29.338775311978264, 30.518755209970383, 29.264614114077286, 28.892538511861986, 28.70976975108147, 28.812594858221875, 27.836809998725364, 27.567619495625546, 27.01433807972709, 29.197192536205876, 26.93937480361243, 26.01885422046292, 25.22887343130538, 24.730424054760395, 25.053026466904228, 25.02829618464049, 25.324380110349885, 25.50018100930409, 25.65159534074672, 25.39829017032359, 25.303788524727935, 25.094855960803585, 25.700453476530196, 24.51939420991117, 24.718725238355407, 24.315712418408978, 23.241242535334532, 22.73698024897327, 22.239688968331187, 20.732873551728925, 19.899682961010285, 19.79029577352564, 18.462675601475723, 17.44395261793377, 15.599942141067764, 13.011920278790488, 10.306187854426316, 13.983254461380403, 12.684006965018526, 13.506212405292107, 11.950137352511792, 11.66326658159693, 11.111638637346008, 10.695383439774226, 10.342817502299368, 9.785960017509161, 9.217287273856964, 8.850712095274625, 8.522702321045898, 7.810937366704853, 7.4766253591197245, 7.072888633796978, 6.5014913312378555, 6.348741367519952, 6.219355115001404, 5.846710091683126, 5.120639295410723, 5.031369309638106, 4.968502195889424, 4.326500014624224, 4.157650697393727, 3.8121322672937175, 3.5332597774165357, 3.1979280104293344, 3.17261570708351, 2.8307579087780876, 2.7341221607782726, 2.4558072417658803, 2.216010483825067, 2.0704182733656995, 1.8319261355832122, 1.840391436378336, 1.541393569573237, 1.5491305932012756, 1.3067660420525082, 1.1891423398315795, 1.101220617794599, 1.0018042866258856, 0.9509861514449518, 0.838082515072764, 0.7255496933587229, 0.6688765464834461, 0.6497930507106185, 0.0], "loss": 2.5714110077207932,