{"spike_times": [42.0, 72.8, 102.1, 135.6, 332.6, 359.2, 388.2, 417.9, 450.1, 866.5, 891.9, 922.6, 1306.7, 1414.0, 1441.4, 1469.2, 1499.9, 1661.4, 1684.9, 1712.2, 1742.0], "locations": [[0.88, 0.55, 0.15, 0.46, 0.04], [0.49, 0.01, 0.74, 0.74, 0.7], [0.78, 0.83, 0.16, 0.33, 0.67], [0.99, 0.8, 0.83, 0.93, 0.46], [0.76, 0.93, 0.46, 0.03, 0.12], [0.41, 0.48, 0.72, 0.3, 0.26], [0.26, 0.76, 0.66, 0.78, 0.3], [0.99, 0.34, 0.05, 0.8, 0.75], [0.11, 0.75, 0.75, 0.88, 0.79], [0.27, 0.88, 0.29, 0.54, 0.23], [0.39, 0.3, 0.54, 0.77, 0.58], [0.3, 0.35, 0.8, 0.15, 0.07], [0.2, 0.9, 0.77, 0.3, 0.52], [0.08, 0.77, 0.73, 0.54, 0.11], [0.84, 0.61, 0.54, 0.86, 0.21], [0.08, 0.5, 0.51, 0.32, 0.6], [0.59, 0.96, 0.01, 0.93, 0.47], [0.69, 0.59, 0.63, 0.43, 0.92], [0.7, 0.26, 0.44, 0.65, 0.93], [0.06, 0.15, 0.62, 0.95, 0.65], [0.17, 0.66, 0.51, 0.44, 0.39], [0.94, 0.91, 0.9, 0.51, 0.74], [0.99, 0.54, 0.04, 0.61, 0.82], [0.23, 0.62, 0.63, 0.17, 0.37], [0.54, 0.52, 0.76, 0.91, 0.41], [0.37, 0.56, 0.37, 0.98, 0.79], [0.65, 0.58, 0.9, 0.05, 0.7], [0.46, 0.41, 0.56, 0.27, 0.38], [0.73, 0.85, 0.45, 0.06, 0.61], [0.72, 0.48, 0.95, 0.53, 0.66], [0.41, 0.94, 0.22, 0.42, 0.6], [0.36, 0.2, 0.04, 0.18, 0.4], [0.95, 0.66, 0.0, 0.89, 0.47], [0.78, 0.85, 0.71, 0.1, 0.73], [0.8, 0.92, 0.85, 0.55, 0.2], [0.47, 0.97, 0.49, 0.64, 0.57], [0.08, 0.29, 0.26, 0.39, 0.14], [0.21, 0.38, 0.78, 0.65, 0.55], [0.17, 0.28, 0.65, 0.87, 0.41], [0.8, 0.44, 0.71, 0.39, 0.43], [0.66, 0.36, 0.37, 0.73, 0.71], [0.41, 0.01, 0.82, 0.93, 0.38], [0.4, 0.71, 0.96, 0.06, 0.76], [0.33, 0.61, 0.32, 0.91, 0.88], [0.14, 0.08, 0.24, 0.19, 0.55], [0.03, 0.65, 0.43, 0.46, 0.27], [0.73, 0.82, 0.6, 0.51, 0.12], [0.32, 0.47, 0.55, 0.44, 0.29], [0.28, 0.17, 0.7, 0.14, 0.05], [0.91, 0.22, 0.8, 0.43, 0.0]], "bias_ideal": 0.45027370890611684, "bias": -0.27892474981838583, "bio_idx": 2, "A_actual": [3.0486652087311346e-05, 4.6557270226546104e-05, 3.736827853193964e-05, 4.4175661054555906e-05, 4.678198386035864e-05, 5.5351581021511305e-05, 5.459005405403914e-05, 6.690849092175795e-05, 8.269897321641887e-05, 8.060446640029445e-05, 8.51831484871508e-05, 9.665523296191063e-05, 0.00011521569925126437, 2.4478027684093074e-05, 1.797623237925816e-05, 3.0182266558773355e-05, 3.9564451898573353e-05, 4.991588451107379e-05, 5.927528025844795e-05, 6.97204121837142e-05, 7.862419401435571e-05, 5.081738888378739e-05, 4.604483846132169e-05, 9.912164563916351e-05, 8.278023780960712e-05, 0.00010004075242476375, 0.00011532540027452475, 0.00013231135436450112, 0.00014630922744482343, 0.00016955908067647096, 0.00019011063221413777, 0.00021640509979684464, 0.00022712974500542404, 0.00025718525140065745, 0.0002895014753190795, 0.00031732455143299515, 0.00036620643649428196, 0.00039185282529660345, 0.0004160673878582297, 0.0004842725995377366, 0.0005285762727712577, 0.0005620358900142011, 0.0006424236883914707, 0.0006950996599997471, 0.0010568722100509278, 0.0008465812302358698, 0.0009229343707678181, 0.0009466436886654365, 0.0011363676536730117, 0.0011208648244480021, 0.001178693877428091, 0.0012292270413166698, 0.0012880830650274918, 0.0009779634200799154, 0.0014691739376045947, 0.0031826046637323056, 0.003263413726331529, 0.003629077985433279, 0.004353382460500412, 0.005678417171369043, 0.004672831885137427, 0.005634787493612302, 0.006032188378533248, 0.0062451872160504355, 0.007250834742053998, 0.008244734699761619, 0.008205570671095444, 0.0028989283598394545, 0.004673352959398561, 0.006166482676151264, 0.009124874031689302, 0.008469589934229714, 0.010015004595799406, 0.009779062317750113, 0.011558539421436776, 0.012726668537172912, 0.013998593879087955, 0.01502349341577296, 0.01855998507352475, 0.019605101304856577, 0.00948494427406696, 0.005883087733739318, 0.007849443970577675, 0.00697930189759981, 0.02714242459781746, 0.03457690054597143, 0.04045426899452421, 0.036723841666466035, 0.04711953765634129, 0.05057511136897611, 0.049267285202705284, 0.0717215634286115, 0.06980595118564377, 0.08159325753687022, 0.0724214816488231, 0.08556742361472797, 0.1176390129809403, 0.1133237725055548, 0.10887350300228739, 0.13957774730509098, 0.15325354359229446, 0.16185088250777446, 0.173173693096255, 0.19331160283340648, 0.20469562860834145, 0.2646693654530443, 0.23484253595561652, 0.28923067985860124, 0.32291439677132616, 0.3325535497956247, 0.4039379196311348, 0.40573170059037106, 0.47967765916441346, 0.5095735995486972, 0.556539050019541, 0.5922926970219088, 0.7161711500203078, 0.7632943640945263, 0.8256892199783956, 0.9493747823663696, 0.993161947866079, 1.104222545383974, 1.2562434313307596, 1.3376064706755177, 1.444858509042439, 0.43395470316023044, 0.8342078504438526, 1.003647332204732, 1.1434640206679612, 1.3737280704324446, 1.4251805414604688, 1.6279400149271868, 1.9541321531374825, 1.969020812025005, 2.315967712380903, 2.509594828489476, 2.7397669437917935, 2.9226366406394693, 3.289133260940428, 3.564802117623319, 4.145039095668915, 4.352369423174999, 4.658211536004968, 5.341370391039741, 5.631994846334708, 5.458751825019891, 5.1262547523996345, 13.287260992367557, 15.3451451588797, 16.76448155617729, 19.167008350832308, 21.54321498016785, 24.66219308173925, 15.446683163901222, 16.763907214413887, 17.31624725992944, 18.459133961373258, 19.28613181472517, 19.546519045855, 20.75845340174446, 21.29756904908634, 22.512839349719663, 23.00250427224922, 24.06017223009443, 24.829286120490462, 25.45132067254864, 26.196066403722583, 26.93130513141231, 27.648322162778964, 28.558134077511006, 28.93640509246664, 29.617177070786987, 30.30871115975806, 30.79086621063613, 31.50649417110505, 31.93236610427712, 32.651628408092165, 32.899510259121904, 33.657925718523366, 34.11603667239497, 34.13848281699167, 34.72635582478477, 34.99397260922693, 35.321350398740826, 35.656414224353426, 36.074662264110785, 35.85202413724703, 36.528130777399035, 36.15677623334295, 36.701554473281305, 36.76086034923775, 36.645193306569965, 36.96970789481706, 36.79261029606874, 36.97999005594913, 36.81517939967768, 36.723594235137035, 36.913848054822864, 36.73066311023135, 0.0], "loss": 4.1568611177165682,