{"spike_times": [21.4, 172.0, 201.7, 226.0, 251.7, 281.5, 486.8, 509.6, 530.6, 552.3, 574.6, 597.7, 624.1, 654.4, 680.5, 702.5, 724.0, 745.3, 766.6, 788.2, 810.7, 964.6, 995.8, 1032.9, 1115.9, 1147.7, 1171.0, 1194.5, 1220.6, 1347.1, 1534.8, 1557.6, 1577.9, 1599.3, 1625.8, 1780.4, 1804.1, 1825.9, 1849.2, 1874.9, 1908.5, 1945.3, 1980.8], "locations": [[0.26, 0.6, 0.99, 0.47, 0.38], [0.3, 0.2, 0.62, 0.15, 0.79], [0.54, 0.58, 0.99, 0.56, 0.24], [0.5, 0.61, 0.75, 0.62, 0.7], [0.34, 0.43, 0.5, 0.07, 0.92], [0.14, 0.24, 0.95, 0.07, 0.08], [0.43, 0.72, 0.26, 0.57, 0.32], [0.59, 0.14, 0.19, 0.87, 0.13], [0.8, 0.45, 0.83, 0.85, 0.41], [0.37, 0.45, 0.16, 0.71, 0.66], [0.11, 0.79, 0.75, 0.4, 0.28], [0.26, 0.17, 0.66, 0.22, 0.99], [0.22, 0.47, 0.01, 0.93, 0.94], [0.15, 0.49, 0.5, 0.59, 0.69], [0.49, 0.72, 0.2, 0.84, 0.3], [0.11, 0.74, 0.16, 0.41, 0.93], [0.75, 0.57, 0.57, 0.96, 0.8], [0.92, 0.77, 0.95, 0.6, 0.83], [0.59, 0.38, 0.84, 0.29, 0.76], [0.43, 0.41, 0.9, 0.35, 0.66], [0.85, 0.27, 0.33, 0.02, 0.03], [0.07, 0.1, 0.1, 0.58, 0.4], [0.86, 0.05, 0.01, 0.79, 0.82], [0.73, 0.03, 0.85, 0.85, 0.2], [0.8, 0.04, 0.95, 0.62, 0.66], [0.92, 0.48, 0.74, 0.53, 0.12], [0.93, 0.8, 0.86, 0.44, 0.73], [0.42, 0.74, 0.7, 0.69, 0.79], [0.82, 0.13, 0.4, 0.14, 0.33], [0.19, 0.77, 0.24, 0.51, 0.33], [0.09, 0.23, 0.98, 0.13, 0.85], [0.15, 0.91, 0.51, 0.04, 0.99], [0.61, 0.58, 0.26, 0.31, 0.87], [0.39, 0.03, 0.08, 0.08, 0.59], [0.09, 0.48, 0.2, 0.51, 0.78], [0.38, 0.72, 0.65, 0.67, 0.51], [0.65, 0.96, 0.22, 0.99, 0.08], [0.75, 0.85, 0.8, 0.86, 0.3], [0.22, 0.75, 0.36, 0.27, 0.82], [0.05, 0.73, 0.84, 0.14, 0.4], [0.23, 0.38, 0.47, 0.88, 0.79], [0.38, 0.34, 0.42, 0.86, 0.52], [0.84, 0.7, 0.35, 0.64, 0.11], [0.45, 0.86, 0.39, 0.69, 0.47], [0.09, 0.98, 0.0, 0.91, 0.1], [0.12, 0.51, 0.76, 0.24, 0.97], [0.34, 0.71, 0.51, 0.5, 0.1], [0.77, 0.38, 0.77, 0.72, 0.1], [0.5, 0.86, 0.58, 0.88, 0.55], [0.72, 0.11, 0.6, 0.87, 0.87]], "bias_ideal": 1.1583649528322433, "bias": -0.16575643501414533, "bio_idx": 3, "A_actual": [44.80478945543974, 44.166192573936236, 44.4581919063176, 44.04012492761955, 43.90357950469265, 43.42923533861361, 42.976119768702944, 43.14580860283177, 41.996485745435365, 42.363869836653144, 41.797762296361824, 41.37754506745289, 40.999222923429336, 43.74131027998972, 41.6197654639694, 42.168806982497266, 42.27423057618851, 42.36351671361219, 42.04544304131053, 41.98391234570503, 41.585230247293694, 40.20551860415654, 39.82223255179167, 39.86313036689253, 39.76075119573159, 39.81309164821421, 39.44560320756524, 39.24237374626535, 39.017120589285966, 38.59771356393074, 38.50971233116371, 38.118975498851434, 38.43114399501698, 37.85696483532888, 37.88779494124616, 38.00547997478738, 37.778386065129986, 37.96307680194325, 38.06140640655928, 37.990411669478576, 38.11369655062481, 38.379593536998726, 38.17992513904185, 38.31398687562359, 38.07007229030892, 38.44604595173475, 38.244284499621415, 38.13857301912935, 37.76813251578366, 37.38952424792315, 37.01695174035162, 35.93254922994204, 34.98665319516966, 32.61702380166477, 33.142712881563085, 35.756503911175315, 35.51771591906579, 34.91402489834213, 34.35067886416514, 32.9486994572757, 33.13016124726748, 32.3399693913916, 31.931508146449914, 31.465532175057486, 30.834486034776976, 30.360953940332077, 30.060381538808223, 35.66718385888548, 31.490331096563327, 29.54218351400646, 28.134564577222665, 27.6131960637718, 27.80076440754432, 27.598528883173262, 28.192867857032716, 28.68961750387601, 29.093735986605303, 30.00670384736338, 30.222464709399652, 31.0250666311671, 24.471693387224008, 26.794538605070564, 32.1884717834246, 25.08607601684478, 31.554954471193053, 30.48119822609317, 30.674035967094404, 29.505922745133464, 28.68738049785912, 27.4167696986764, 27.54068716081404, 26.41162704559195, 26.81886355770739, 26.060513369356034, 26.009865331168193, 25.765635283539137, 25.25919563656438, 25.548426021319504, 25.11395023522217, 25.311751702443786, 25.77764989758886, 24.921787144400987, 25.2401321371781, 25.551808271264573, 25.071733519402127, 25.95796410672867, 25.39643400318917, 25.037959136051523, 24.96579495477425, 24.4450255472461, 24.82024349329916, 24.513903361095007, 23.359507108608295, 23.93537862317709, 23.190342895409035, 22.467147742655133, 21.32616159594816, 22.273985261468685, 20.42687894658877, 20.750377832381226, 19.93525691050451, 19.511097725158564, 18.062375827178673, 17.920867714297195, 16.257146680421286, 16.144906861994993, 17.949130184188682, 17.876487003318644, 17.28322133038937, 16.37816171800126, 15.470333180279017, 14.555839174060372, 12.662455484854217, 11.769911414992375, 10.582985347685916, 9.539177724638373, 8.303934334303465, 7.296922427201467, 6.42328631183481, 5.599856541527434, 5.040793156021402, 4.360966363905125, 3.315462749947889, 3.2538748619752784, 2.6190037192360927, 1.8664234665392796, 1.4848296099743166, 2.887307868310823, 2.356536052073939, 2.254988055321795, 1.8616641891207621, 1.3020753363973314, 0.8400555122770023, 3.1158828984278637, 2.9395412862835437, 2.820674590836261, 2.5438920145397987, 2.3495046090710865, 1.9941432012945262, 1.978135100218009, 1.7182323199459277, 1.6237254954675002, 1.375884092343741, 1.3371852111963354, 1.2163069142988692, 1.0409753526388348, 0.9688530924574631, 0.8256720013908735, 0.79375416564354, 0.6906218960198518, 0.6311166455550522, 0.5938507853476034, 0.49388351334128866, 0.43946432510600597, 0.4067054325921468, 0.3499552418453002, 0.33319974359474386, 0.28918929060482335, 0.24838305843187067, 0.20820022866851037, 0.20430986577989713, 0.181446031747475, 0.16020840900237035, 0.13857117700328347, 0.1252725856054304, 0.10483460805224976, 0.08825079431923752, 0.08830308461358433, 0.076873631814526, 0.0679473273352264, 0.05917224121064456, 0.05038729899695911, 0.044566903649625775, 0.040497193366610944, 0.03698260430073897, 0.031441694532717286, 0.026591589170648362, 0.02395140696899963, 0.022218645258804893, 0.0], "loss": 1.7078548815307064,