{"spike_times": [11.0, 48.7, 107.5, 160.5, 190.4, 216.9, 241.5, 269.5, 303.4, 473.7, 501.0, 520.7, 539.9, 559.5, 579.6, 601.3, 629.7, 659.3, 684.2, 703.2, 722.2, 741.2, 760.2, 779.4, 798.8, 819.6, 945.4, 976.1, 1005.4, 1037.1, 1087.8, 1124.4, 1152.3, 1176.1, 1199.8, 1227.2, 1262.6, 1315.2, 1356.6, 1402.8, 1473.7, 1525.9, 1551.8, 1572.4, 1591.4, 1615.6, 1737.7, 1777.5, 1801.6, 1824.0, 1845.7, 1871.6, 1901.8, 1931.5, 1961.0, 1990.6], "locations": [[0.14, 0.08, 0.47, 0.52, 0.29], [0.76, 0.96, 0.51, 0.14, 0.61], [0.81, 0.16, 0.7, 0.92, 0.96], [0.68, 0.0, 0.36, 0.46, 0.8], [0.07, 0.57, 0.44, 0.24, 0.35], [0.78, 0.03, 0.8, 0.6, 0.07], [0.27, 0.72, 0.56, 0.59, 0.49], [0.99, 0.95, 0.21, 0.18, 0.24], [0.73, 0.09, 0.23, 0.88, 0.7], [0.83, 0.83, 0.86, 0.77, 0.06], [0.53, 0.66, 0.67, 0.33, 0.75], [0.5, 0.63, 0.74, 0.11, 0.69], [0.77, 0.84, 0.35, 0.37, 0.89], [0.24, 0.1, 0.86, 0.48, 0.08], [0.96, 0.58, 0.28, 0.25, 0.01], [0.79, 0.14, 0.51, 0.41, 0.24], [0.06, 0.42, 0.43, 0.26, 0.85], [0.29, 0.68, 0.27, 0.24, 0.63], [0.42, 0.42, 0.48, 0.16, 0.0], [0.16, 0.64, 0.94, 0.18, 0.58], [0.1, 0.59, 0.86, 0.1, 0.68], [0.34, 0.79, 0.32, 0.44, 0.73], [0.76, 0.98, 0.9, 0.75, 0.81], [0.87, 0.26, 0.79, 0.17, 0.25], [0.39, 0.12, 0.83, 0.63, 0.61], [0.27, 0.48, 0.69, 0.34, 0.21], [0.77, 0.23, 0.49, 0.21, 0.45], [0.03, 0.44, 0.41, 0.82, 0.41], [0.58, 0.77, 0.24, 0.44, 0.77], [0.13, 0.28, 0.17, 0.41, 0.23], [0.61, 0.83, 0.07, 0.57, 0.76], [0.11, 0.01, 0.49, 0.06, 0.2], [0.78, 0.92, 0.33, 0.37, 0.19], [0.57, 0.43, 0.85, 0.1, 0.2], [0.5, 0.74, 0.88, 0.26, 0.75], [0.49, 0.05, 0.58, 0.9, 0.28], [0.92, 0.03, 0.89, 0.6, 0.98], [0.05, 0.89, 0.37, 0.74, 0.48], [0.05, 0.83, 0.97, 0.34, 0.11], [0.33, 0.31, 0.87, 0.45, 0.44], [0.33, 0.57, 0.47, 0.6, 0.65], [0.88, 0.96, 0.32, 0.02, 0.83], [0.65, 0.52, 0.21, 0.42, 0.34], [0.11, 0.95, 0.78, 0.66, 0.78], [0.19, 0.22, 0.63, 0.59, 0.2], [0.57, 0.52, 0.43, 0.29, 0.31], [0.71, 0.19, 0.03, 0.92, 0.55], [0.75, 0.23, 0.17, 0.09, 0.23], [0.23, 0.17, 0.9, 0.78, 0.96], [0.46, 0.23, 0.98, 0.01, 0.7]], "bias_ideal": 1.2502743983077311, "bias": 0.2605604070825792, "bio_idx": 1, "A_actual": [46.785526232776384, 46.22037507095954, 45.914447224646985, 45.55795793744263, 45.02183104435225, 44.644160476471264, 44.31507684417376, 44.10095228284778, 43.63277639397777, 43.3899512871351, 43.2110998632758, 42.31425444982948, 42.72232653155853, 45.107271644826646, 42.58916057788092, 43.18678790233051, 43.300010997735754, 43.24337192707746, 42.90471774227468, 42.64553832923236, 42.12599195270475, 40.46452901159126, 40.38665084355814, 40.75784775338709, 40.61019246190177, 40.276002552535246, 39.71560291426652, 39.28816961227107, 38.83104306073013, 38.39558536242261, 37.892449570707704, 37.527680787675976, 37.572191247635004, 37.34468850405728, 37.32010220536469, 37.384646621102135, 37.3897159351864, 37.596445171490984, 37.99493085493262, 37.98035596563134, 38.295334917601075, 38.78206421114354, 38.87846623928746, 39.00143051385561, 39.296808123046084, 39.32235451186442, 39.51606141076336, 39.22001521851593, 39.2404427815376, 38.76185604962623, 37.97416856131377, 36.989955623426816, 35.59077554855808, 32.38143462355518, 32.58571207825749, 36.3656416290168, 36.08653422481785, 35.621538316917594, 35.032036370930406, 34.191305075417986, 34.38867973542872, 33.84515019498196, 33.33338434237036, 33.18056982530515, 33.183888002314355, 32.72540951554809, 32.8630615732321, 30.95363927245823, 33.190260049505625, 34.28513529765435, 34.78046500438038, 35.23161515043013, 35.38984802492384, 35.377284931220984, 35.346692939592636, 34.96505471245077, 34.24041659604109, 33.541809074708226, 32.48220624777055, 31.178046520688167, 34.24213391273141, 32.081127754926534, 28.120751939778017, 34.629745059735406, 29.57953452645934, 30.396085487520914, 30.41666380227613, 30.970979609638256, 30.73933529152217, 30.155563719101707, 30.403952437313112, 29.273158955503483, 29.50860808655912, 28.216813189701917, 29.526283102546337, 27.829764664272652, 27.614183523342877, 27.094080374763692, 27.985562463543733, 28.261853574658883, 28.15345690934042, 29.272794202781377, 30.028508196329327, 30.133962835970582, 30.209101392018074, 30.613129782824664, 31.46574624615037, 31.34157357604262, 31.547387447462604, 31.26116318019641, 31.700003572750106, 31.366027728542786, 31.661356684760428, 31.505203630255448, 31.01816493161688, 31.65014352409133, 30.286374009784616, 30.417106198566913, 30.328806160678287, 29.584432089280387, 29.2326992456095, 29.005852010027667, 28.748139436628346, 28.11407855497799, 26.72045936471304, 32.23494236554151, 26.701191000728134, 24.61137625656807, 22.126106575384313, 21.23510343382198, 19.934521431641127, 18.85737763151719, 18.632075135798114, 18.805880183032123, 18.117826713756944, 18.613579154065285, 17.892394021362417, 18.512171020257824, 19.316931436424422, 19.924040721622905, 19.697053809086015, 21.29194790771533, 21.6352453396378, 22.603656366357452, 23.171072414083344, 24.485250230185603, 25.046626428640277, 23.128254237837332, 23.481388881567256, 21.350449727863687, 20.266756436141755, 17.805273393809898, 13.089720913453421, 21.522637018790224, 21.76689157427119, 21.539673105826555, 21.125779189743767, 20.82290520952122, 20.505854164393824, 21.056738551895094, 19.691671235351812, 19.86052149659909, 19.858047529682494, 19.350180255508345, 18.868623859254303, 19.446467240696858, 17.964266712433073, 17.993710880821673, 17.54720105361658, 17.764536415402763, 16.128208902457313, 15.891673139734943, 15.812726180801015, 14.707617460614088, 14.91346254109737, 14.915828001303709, 13.869404827049689, 13.553650844460167, 12.301813934499771, 12.619336074076804, 12.150265800490466, 11.756282502527215, 10.93363060017983, 10.633718704050336, 10.387656779664228, 9.427614888201795, 10.035552556422427, 8.237207685535001, 9.121660665688623, 8.255719495933057, 7.856812384292128, 7.536754403918024, 6.896000748434164, 6.974532240178223, 6.957073155041484, 6.307377353544069, 6.114716426533039, 5.755155036895783, 6.242306664905517, -8.881784197001252e-16], "loss": 2.6049176943262591,