{"spike_times": [16.5, 159.6, 190.1, 211.8, 234.0, 256.9, 282.7, 475.5, 500.2, 518.7, 537.5, 556.4, 575.8, 595.8, 618.0, 643.1, 667.5, 688.6, 707.5, 726.0, 744.3, 762.6, 781.0, 799.8, 819.9, 950.1, 980.4, 1005.9, 1043.0, 1093.9, 1130.2, 1153.1, 1173.9, 1194.6, 1216.7, 1249.9, 1306.4, 1348.8, 1389.3, 1523.8, 1548.3, 1566.5, 1584.9, 1604.2, 1627.5, 1768.8, 1793.4, 1812.4, 1832.2, 1852.6, 1874.2, 1900.5, 1932.0, 1961.4, 1992.3], "locations": [[0.5, 0.49, 0.6, 0.42, 0.43], [0.05, 0.24, 0.27, 0.51, 0.56], [0.67, 0.58, 0.15, 0.07, 0.37], [0.68, 0.71, 0.97, 0.07, 0.31], [0.1, 0.16, 0.75, 0.04, 0.67], [0.14, 0.03, 0.82, 0.79, 0.45], [0.4, 0.63, 0.76, 0.97, 0.47], [0.84, 0.21, 0.35, 0.16, 0.68], [0.57, 0.55, 0.83, 0.61, 0.79], [0.76, 0.99, 0.0, 0.78, 0.03], [0.1, 0.04, 0.39, 0.57, 0.07], [0.73, 0.27, 0.81, 0.36, 0.54], [0.16, 0.46, 0.57, 0.69, 0.26], [0.42, 0.21, 0.99, 0.31, 0.28], [0.21, 0.98, 0.0, 0.5, 0.13], [0.27, 0.19, 0.14, 0.26, 0.67], [0.57, 0.15, 1.0, 0.0, 0.16], [0.89, 0.77, 0.8, 0.69, 0.6], [0.16, 0.48, 0.25, 0.51, 0.36], [0.1, 0.34, 0.06, 0.58, 0.22], [0.47, 0.45, 0.31, 0.43, 0.21], [0.98, 0.62, 0.58, 0.41, 0.03], [0.66, 0.47, 0.95, 0.48, 0.79], [0.48, 0.5, 0.05, 0.76, 0.82], [0.23, 0.67, 0.22, 0.2, 0.96], [0.03, 0.75, 0.97, 0.43, 0.86], [0.81, 0.89, 0.36, 0.56, 0.98], [0.68, 0.94, 0.8, 0.43, 0.74], [0.49, 0.99, 0.47, 0.09, 0.59], [0.16, 0.26, 0.75, 0.68, 0.38], [0.63, 0.35, 0.95, 0.11, 0.77], [0.46, 0.33, 0.79, 0.76, 0.52], [0.19, 0.92, 0.46, 0.5, 0.27], [0.36, 0.54, 0.08, 0.85, 0.82], [0.76, 0.95, 0.85, 0.75, 0.72], [0.9, 0.2, 0.04, 0.93, 0.01], [0.88, 0.87, 0.64, 0.28, 0.4], [0.05, 0.39, 0.36, 0.82, 0.46], [0.05, 0.25, 0.51, 0.41, 0.77], [0.48, 0.68, 0.27, 0.04, 0.06], [0.51, 0.45, 0.76, 0.27, 0.72], [0.55, 0.28, 0.35, 0.63, 0.38], [0.16, 0.25, 0.01, 0.49, 0.23], [0.97, 0.37, 0.93, 0.75, 0.6], [0.76, 0.67, 0.32, 0.89, 0.22], [0.2, 0.62, 0.88, 0.21, 0.83], [0.96, 0.45, 0.95, 0.91, 0.43], [0.29, 0.73, 0.02, 0.48, 0.92], [0.71, 0.09, 0.22, 0.39, 0.7], [0.87, 0.11, 0.64, 0.69, 0.31]], "bias_ideal": 1.265872979504352, "bias": -0.03734517121849647, "bio_idx": 8, "A_actual": [50.62599124152931, 50.22795571163199, 50.302583240605045, 49.93919392196823, 49.916851963229135, 49.58415723060636, 49.20065838081819, 49.79325030893037, 48.86042132221067, 49.1055553484814, 48.841390868786846, 48.591766770325805, 48.56454825796383, 49.91559109926766, 48.456023654565215, 48.77973139053156, 48.72854270712604, 48.68630791306391, 48.50044119027427, 48.394862591478024, 48.22410271909471, 47.2025360335258, 46.18057854561691, 45.86442255613429, 45.723217203454865, 45.834833674326575, 45.95538023415433, 46.027452720012114, 46.14214066318674, 46.18268301500988, 46.2427143317923, 46.137006977563054, 46.344472629187436, 46.067296786696026, 45.938765018833436, 45.839027108423956, 45.45227947012525, 45.32230530698848, 45.052362114746074, 44.63873305459555, 44.287061872122784, 43.939075159203945, 43.56521899854299, 42.95900481712956, 42.59968840669771, 42.37589458928808, 41.707405047962496, 41.2679474878657, 41.133886030225476, 40.727329991103794, 40.40331580169298, 40.46478428998536, 40.62311394046316, 41.46305039196166, 41.70624584760698, 39.5194150698278, 39.51324565173583, 38.804142331151276, 38.361362371214724, 37.727783906354226, 37.5066996408045, 37.33707861569308, 37.15182884093723, 36.77960490636272, 36.95694866348849, 36.70244193956287, 36.84892238013259, 36.49440916823006, 38.19022229861551, 38.853891006915994, 38.797907048746396, 39.06675965880662, 38.7167588757748, 38.2234592483496, 38.25555814335083, 37.3048395300809, 36.297738332778614, 34.89192098700956, 33.670507583980374, 32.22016115032907, 34.392616923158506, 31.74139241759156, 27.839004915141608, 34.498083783954634, 30.258781527022954, 30.47790279730801, 31.81867512802735, 31.55291302959842, 32.18329657936307, 32.28958711048305, 31.510137241187806, 31.32803705863466, 31.249285057720904, 31.07207739626225, 30.49975114028853, 29.818515202797915, 29.52487872351438, 26.56528440728934, 26.339494140691297, 27.28083399258003, 27.22789906246235, 27.3118677020672, 28.221622425791463, 29.11946448095954, 29.049763196932695, 28.8927941420949, 29.753493569697596, 30.819245492631108, 30.11278987058953, 29.831669344008827, 31.71763915860728, 31.157983198921, 30.741621777784086, 31.551260678584413, 31.115944995588517, 31.069875526713254, 30.00501442981396, 31.842530894754468, 30.972252870405285, 29.439781686918668, 29.966219006502133, 30.273582970953488, 28.680045801605445, 28.727824273794294, 27.62643835805066, 22.693716259880457, 25.77394388115977, 26.885457486617252, 26.794561087876478, 26.049011425892218, 26.15890803136281, 25.33247956805643, 24.349192532142787, 24.277332675386457, 23.09545343300648, 22.10360093399288, 21.422095641233575, 21.02311179546058, 20.407460709409488, 20.175098329620504, 18.85340331408736, 19.608574722102123, 17.809501334187726, 18.445572204478204, 17.097154872845458, 16.657150365121367, 15.248420494069203, 18.450591964304056, 19.630994883936538, 19.559672105616805, 21.20147307086823, 23.18641842223514, 25.292090067176574, 16.279035658036776, 15.260717164747007, 14.926497033291955, 13.667253396258745, 12.640516628978109, 12.269433263592324, 12.102144434764714, 11.042763078419986, 10.239800060742263, 9.818541200688733, 9.095434250404145, 8.699501852097654, 8.366351157960864, 7.478509078789112, 7.184567004190915, 6.251645061845554, 6.231890850573614, 5.990882509660248, 5.448293173614433, 4.81616520100245, 4.7048922600317935, 4.449625442610859, 3.9432687634333057, 3.8388665348262183, 3.364529163749553, 3.186390127606697, 2.908740414949566, 2.6426523774676163, 2.4951199747874884, 2.351560824341109, 2.0760362803935117, 1.9142567036696907, 1.7191754016150993, 1.5279132212197355, 1.539189294181338, 1.3023947711301387, 1.2601231464868343, 1.0967405973740167, 0.9520269320606985, 0.8844102541359788, 0.7994072143639394, 0.7832751320604209, 0.6773535701916362, 0.5755336928046476, 0.5368584375939708, 0.5266734712862623, 0.0], "loss": 2.5570753173560354,