{"spike_times": [17.3, 39.4, 62.7, 82.3, 102.4, 123.3, 149.4, 290.6, 320.0, 340.7, 359.8, 379.2, 398.8, 418.6, 438.8, 461.9, 845.0, 866.4, 883.8, 902.5, 922.6, 954.5, 1019.7, 1055.1, 1082.6, 1117.1, 1244.7, 1275.1, 1301.2, 1329.6, 1363.7, 1394.1, 1418.0, 1436.8, 1455.3, 1474.0, 1493.3, 1519.9, 1636.6, 1658.4, 1675.1, 1692.7, 1710.7, 1729.1, 1748.9, 1903.7, 1946.0, 1990.2], "locations": [[0.26, 0.91, 0.27, 0.17, 0.81], [0.71, 0.84, 0.52, 0.12, 0.86], [0.37, 0.87, 0.29, 0.23, 0.61], [0.49, 0.35, 0.94, 0.0, 0.57], [0.48, 0.9, 0.62, 0.95, 0.72], [0.67, 0.32, 0.64, 0.95, 0.9], [0.33, 0.89, 0.46, 0.03, 0.48], [0.38, 0.13, 0.06, 0.61, 0.25], [0.27, 0.7, 0.33, 0.64, 0.36], [0.16, 0.92, 0.7, 0.4, 0.97], [0.67, 0.14, 0.11, 0.83, 0.37], [0.93, 0.71, 0.55, 0.22, 0.62], [0.67, 0.15, 0.26, 0.96, 0.43], [0.09, 0.23, 0.61, 0.67, 0.84], [0.11, 0.18, 0.41, 0.09, 0.12], [0.92, 0.26, 0.61, 0.53, 0.81], [0.58, 0.3, 0.37, 0.94, 0.76], [1.0, 0.9, 0.15, 0.95, 0.89], [0.53, 0.18, 0.96, 0.33, 0.44], [0.1, 0.45, 0.55, 0.0, 0.2], [0.12, 0.98, 0.62, 0.85, 0.77], [0.55, 0.31, 0.08, 0.63, 0.12], [0.0, 0.95, 0.05, 0.7, 0.19], [0.83, 0.15, 0.86, 0.69, 0.01], [0.45, 0.74, 0.16, 0.91, 0.07], [0.73, 0.9, 0.71, 0.81, 0.15], [0.25, 0.26, 0.48, 0.52, 0.35], [0.47, 0.06, 0.75, 0.77, 0.33], [0.97, 0.13, 0.14, 0.92, 0.29], [0.96, 1.0, 0.03, 0.94, 0.37], [0.61, 0.59, 0.7, 0.5, 0.72], [0.14, 0.81, 0.62, 0.31, 0.68], [0.21, 0.69, 0.8, 0.44, 0.88], [0.27, 0.89, 0.23, 0.58, 0.36], [0.02, 0.28, 0.65, 0.38, 0.65], [0.54, 0.59, 0.41, 0.24, 0.38], [0.59, 0.81, 0.39, 0.63, 0.4], [0.93, 0.32, 0.81, 0.14, 0.11], [0.52, 0.35, 0.78, 0.56, 0.49], [0.39, 0.23, 0.96, 0.27, 0.28], [0.29, 0.5, 0.49, 0.39, 0.03], [1.0, 0.63, 0.48, 0.15, 0.27], [0.59, 0.41, 0.76, 0.23, 0.87], [0.29, 0.67, 0.76, 0.5, 0.28], [0.0, 0.98, 0.66, 0.29, 0.84], [0.76, 0.22, 0.1, 0.75, 0.04], [0.8, 0.43, 0.72, 0.73, 0.46], [0.67, 0.28, 0.99, 0.93, 0.03], [0.98, 0.85, 0.43, 0.63, 0.67], [0.01, 0.06, 0.95, 0.61, 0.93]], "bias_ideal": 1.1846184564105957, "bias": 0.0008126560779685428, "bio_idx": 0, "A_actual": [0.09121638551269119, 0.1318264469540943, 0.10209512407946049, 0.11572075634135433, 0.11977010624545545, 0.1360691831987444, 0.1299871421961466, 0.15731039491226514, 0.1802631281899383, 0.1761112705435686, 0.17760804823467183, 0.2019651617487453, 0.2212731215624841, 0.046976247347742695, 0.033829333975514866, 0.05739778465975291, 0.06820439390874822, 0.08415219977921498, 0.10102418450897134, 0.11146073168968652, 0.12939614560470783, 0.07695696989476646, 0.06830683065283649, 0.1361548725937558, 0.12298132350490672, 0.1260069735644696, 0.15316766778044644, 0.1732415784961289, 0.18698253887261942, 0.22986846183815873, 0.2193059712249746, 0.25883407996544033, 0.2530131784238859, 0.3023178802272855, 0.3383590890163394, 0.3323812314823338, 0.4117408230119154, 0.4457316561829483, 0.42666957921908455, 0.5418008229217001, 0.57929571523339, 0.5678017025357562, 0.6569220796525204, 0.7592845629675732, 0.882557726098569, 0.8967377856746795, 0.9765691792883214, 0.9242226866970744, 1.1503676292723934, 1.156376323846311, 1.1899389114430938, 1.2110452637512645, 1.4447518235808445, 0.9863063456961265, 1.5710187784256224, 3.2867215200027475, 3.4083382565017932, 4.048799000989161, 4.6457186812870574, 4.772363578244064, 5.6260963106314055, 6.015842242814304, 6.5958384527967775, 7.520387349645553, 8.052294761257258, 9.704318822841955, 9.766561505364734, 4.885622621994757, 8.04742296723483, 9.915702647995316, 11.840782101033161, 13.607023937717281, 15.461336975558615, 16.957749173082334, 18.585801969565946, 19.671078327859945, 21.24147150562716, 21.935893643210413, 21.92280526223781, 21.8783413634112, 16.32461284852295, 19.124509244491882, 24.571720808274996, 18.888786227099775, 23.78554212184932, 24.87094989906288, 26.574652685096424, 26.545235808356395, 26.821926974563578, 27.50933089896512, 27.501057481309555, 27.524792393125587, 26.64548490360108, 26.829444801000793, 25.638504021784534, 26.247375225969574, 25.424800271075664, 23.147148898142497, 23.45459410024098, 23.596766488884054, 24.28513183439477, 25.1198802750579, 24.738979994042143, 24.75992390196367, 26.561586975310274, 26.483142480951262, 26.47022652428703, 26.621590372428685, 27.675943884761207, 27.796511506852674, 28.282055827742465, 27.21293837356875, 28.74394600403126, 28.657413179744704, 29.173577940147098, 29.06586430295562, 29.318215211255353, 28.560330249768164, 29.64167525335977, 30.399914502758786, 30.053029969385634, 29.930287872349098, 30.287601015273516, 30.73804487957411, 30.419531649488597, 34.813949463752664, 30.41039186454066, 28.33077575655665, 27.907530422600587, 28.07543267579461, 28.279380533454592, 29.069767038300117, 30.56037730123962, 30.57660316803043, 32.019000701987856, 32.62314083554175, 33.40458299597026, 33.95459449466384, 34.53679785706246, 34.584012932641016, 35.34503344575414, 34.94956349165948, 35.13528089163572, 35.35954942645378, 35.60760766990265, 36.12788865346711, 37.62255411095471, 35.73398277004558, 35.02174963966147, 35.651638853566126, 36.12614950072241, 37.32696738343513, 39.72271762583459, 38.99952402447311, 39.34119506271267, 38.7784669392274, 39.387501646057714, 39.62864339605508, 39.29557145368487, 39.37684437479514, 39.49370225110047, 39.848902683197664, 39.597784344865076, 39.96866530319013, 39.87874730162149, 39.65615397615512, 40.14177448965555, 40.148431014970285, 40.11805582412038, 40.279802845890266, 40.33208164268166, 40.469477439860846, 40.93917369093827, 41.14756035264751, 40.666935793114355, 41.338899843159986, 41.079751393123445, 41.6290889204809, 41.848576154557314, 41.79970168631022, 42.33564363455019, 42.449496506108346, 42.579080065788716, 43.30724466020059, 43.33311327600113, 43.552136459115296, 44.0768155602161, 43.91541595704558, 44.623429044861695, 44.808422519054574, 45.309646848234586, 45.68990300554244, 45.8966156737855, 46.347979534911524, 46.19873066337931, 46.79688359467064, 47.23981959175106, 47.35157589093071, 47.72290269049467, 0.0], "loss": 3.9207287997508398,