{"spike_times": [12.5, 41.3, 101.7, 156.3, 185.9, 209.2, 231.0, 253.4, 279.0, 321.4, 393.1, 473.2, 498.0, 516.7, 534.5, 552.8, 571.3, 590.3, 610.9, 636.1, 661.7, 683.4, 701.4, 719.2, 737.0, 754.7, 772.4, 790.3, 808.7, 830.3, 944.8, 974.5, 998.6, 1025.1, 1063.5, 1104.9, 1135.0, 1157.7, 1178.2, 1198.9, 1221.5, 1249.8, 1295.2, 1336.3, 1370.7, 1473.7, 1524.4, 1547.2, 1566.2, 1583.7, 1602.2, 1625.8, 1702.3, 1766.8, 1791.0, 1810.9, 1830.4, 1850.0, 1872.1, 1896.6, 1923.6, 1951.4, 1977.8], "locations": [[0.47, 0.13, 0.58, 0.63, 0.89], [0.42, 0.63, 0.97, 0.48, 0.89], [0.9, 0.29, 0.81, 0.19, 0.84], [0.49, 0.78, 0.98, 0.79, 0.65], [0.02, 0.36, 0.46, 0.32, 0.93], [0.14, 0.65, 0.21, 0.91, 0.03], [0.57, 0.92, 0.05, 0.68, 0.25], [0.03, 0.84, 0.76, 0.43, 0.14], [0.06, 0.17, 0.54, 0.95, 0.5], [0.55, 0.28, 0.77, 0.73, 0.4], [0.68, 0.69, 0.84, 0.98, 0.11], [0.59, 0.86, 0.12, 0.11, 0.78], [0.26, 0.9, 0.1, 0.23, 0.56], [0.67, 0.16, 0.83, 0.53, 0.16], [0.08, 0.13, 0.06, 0.26, 0.55], [0.28, 0.57, 0.87, 0.5, 0.08], [0.68, 0.66, 0.14, 0.97, 0.58], [0.8, 0.16, 0.65, 0.5, 0.95], [0.1, 0.64, 0.84, 0.86, 0.59], [0.57, 0.27, 0.94, 0.39, 0.08], [0.25, 0.64, 0.71, 0.87, 0.62], [0.8, 0.46, 0.69, 0.1, 0.49], [0.33, 0.59, 0.82, 0.57, 0.46], [0.55, 0.09, 0.56, 0.86, 0.27], [0.79, 0.47, 0.98, 0.93, 0.36], [0.9, 0.57, 0.85, 0.59, 0.29], [0.22, 0.68, 0.06, 0.87, 0.35], [0.85, 0.33, 0.58, 0.82, 0.88], [0.67, 0.41, 0.11, 0.03, 0.2], [0.37, 0.69, 0.15, 0.28, 0.86], [0.34, 0.84, 0.38, 0.84, 0.35], [0.73, 0.25, 0.56, 0.4, 0.33], [0.04, 0.76, 0.6, 0.95, 0.71], [0.42, 0.1, 0.09, 0.97, 0.78], [0.5, 0.77, 0.1, 0.71, 0.39], [0.53, 0.71, 0.97, 0.05, 0.08], [0.35, 0.4, 0.78, 0.6, 0.93], [0.82, 0.75, 0.04, 0.81, 0.47], [0.65, 0.92, 0.1, 0.66, 0.06], [0.1, 0.63, 0.03, 0.66, 0.84], [0.83, 0.73, 1.0, 0.78, 0.95], [0.67, 0.99, 0.77, 0.02, 0.9], [0.11, 0.63, 0.46, 0.39, 0.24], [0.45, 0.63, 0.73, 0.9, 0.87], [0.49, 0.89, 0.86, 0.58, 0.83], [0.48, 0.54, 0.87, 0.85, 0.19], [0.05, 0.9, 0.81, 0.89, 0.61], [0.06, 0.85, 0.11, 0.27, 0.4], [0.56, 0.98, 0.87, 0.37, 0.49], [0.8, 0.82, 0.21, 0.33, 0.23]], "bias_ideal": 1.316861583281651, "bias": 0.16597545107440498, "bio_idx": 5, "A_actual": [51.958809213402496, 51.50699115041066, 51.602908562007414, 51.20158254696771, 51.142392330365674, 50.80001237404902, 50.48573044157829, 50.73790799834191, 50.12510401173088, 50.071674726263595, 49.92061288035922, 49.50833208589723, 49.506876509546196, 51.020700519514286, 49.12284018104975, 49.21353951149645, 49.17151106237118, 49.122627170563895, 48.994056252831946, 48.85736823439679, 48.67635067347767, 47.529480451373104, 46.565990584410756, 46.28122017983211, 46.05991691034271, 46.085837587370705, 46.02120903950315, 45.94896496198061, 45.88341147730723, 45.72778285672659, 45.66352404477192, 45.41682070293467, 45.47526031473674, 45.0654425873864, 44.96447679186776, 44.81314888142637, 44.38966705723942, 44.27333467563194, 44.16548362666503, 43.88288458850314, 43.59560433412815, 43.550080427637056, 43.46619786438806, 43.105111544868166, 43.169973650527304, 42.94747346492909, 42.6688741559206, 42.53404667523452, 42.41662837354562, 42.242535802172746, 41.80127885073168, 41.61848254516925, 40.982698881905385, 39.87879405538292, 40.38371379911748, 41.77610279238926, 41.720971473735055, 41.532631201985616, 41.39448377553075, 41.318757393605686, 41.28217511969104, 41.1540970540301, 41.2269651823266, 41.18001247795585, 41.314588540202, 41.24678047464924, 41.48001470788458, 41.67209179900189, 41.04271664567977, 40.69062558635112, 40.33764434850293, 40.113295336490914, 39.769295429121115, 39.34850251538887, 39.26431148667542, 38.58809388587915, 37.905998691172066, 37.18424974265106, 36.833670472920545, 36.467046359583804, 35.262857120346006, 38.09066438395813, 38.65711660798615, 36.24708427992097, 36.984568527398736, 35.689909154764536, 34.38276870533777, 33.23514381819328, 32.126878513520744, 31.374342346324106, 30.08688202738507, 29.800069423716867, 29.388997927248457, 29.07131873709799, 28.31769548433249, 27.475488388920546, 27.86709427494177, 29.73920049223373, 30.223864069133814, 30.163459265672532, 30.166991967876264, 30.118534469816506, 30.448225438469052, 30.777063494074614, 30.07164516206514, 29.947220933586014, 30.035990577710557, 30.6129317657711, 29.949898961384694, 29.286021388163537, 30.44991335235677, 29.721045064037295, 29.456037931051625, 29.707782547192974, 29.13441305212893, 29.030567864671518, 28.294728401185793, 29.305195690875646, 28.505914124757755, 28.427010584222526, 28.72220143422491, 28.046021109985247, 28.872798778840185, 28.12606834955474, 27.302345820765044, 27.757915646990305, 28.33505272571402, 28.804559362668627, 29.18534662438039, 28.909911016898114, 29.84096481878532, 29.764055728140672, 29.236917654805325, 29.83184409127818, 28.87231063039827, 28.838809358498885, 28.318227351715894, 27.56632924171239, 26.534061242138907, 25.927056409460622, 24.93958732784364, 23.98620729619378, 22.631771005065907, 21.82067466116393, 20.221180218474103, 18.761654163781827, 16.477564936850484, 19.01809876295741, 19.66853468212064, 20.947226418733344, 23.135193565669287, 26.586288679228566, 33.22946253075737, 22.503275699213496, 21.974143931316974, 24.105673060391968, 21.722663003384568, 22.294956170968003, 21.978220210454623, 21.46467409468928, 20.27189130250843, 20.618034838964938, 19.975831706111872, 19.715997522118645, 19.081605509837065, 19.007766615831766, 18.57688560424717, 16.734218721365583, 17.46105744870432, 16.940468282712732, 15.41226786647702, 15.641111453226861, 15.376655146296068, 14.411575360395126, 13.198363985037618, 13.083500772322123, 12.167517778008044, 12.120024677101238, 11.448258278090341, 11.325916033164663, 9.533515839887093, 9.495256804937277, 9.166147666929893, 8.751348191153767, 7.932270693444381, 7.1895546009145725, 7.539023371025864, 6.867464544598408, 6.221800226107064, 5.631421568107981, 5.316122287878845, 5.332524766440219, 4.463404137660126, 4.344332305200399, 4.430827224373406, 3.6518909303266356, 3.4036817897820772, 3.5551015426582007, 2.993645817025851, 0.0], "loss": 2.5934422424846733,